Name,Path,Position,Is Active,Url Key,Description,Image,Page Title,Meta Keywords,Meta Description,Include In Menu,Display Mode,CMS Block,Is Anchor,Availabe Sort By,Default Sort By,Page Layout,Custom Layout Update
"ヒロチーオリジナル","Japan 日本車",1,Yes,,,,,,,Yes,,,No,,,更新するレイアウトがありません,
"４スト ミニ","Japan 日本車/ヒロチーオリジナル",1,Yes,,,,,,,Yes,,,No,,,更新するレイアウトがありません,
"スクーターパーツ","Japan 日本車/ヒロチーオリジナル",1,Yes,,,,,,,Yes,,,No,,,更新するレイアウトがありません,
"ヒロチー共通パーツ","Japan 日本車/ヒロチーオリジナル",1,Yes,,,,,,,Yes,,,No,,,更新するレイアウトがありません,
"純正部品・用品","Japan 日本車",1,Yes,,,,,,,Yes,,,No,,,更新するレイアウトがありません,
"ホンダ純正","Japan 日本車/純正部品・用品",1,Yes,,,,,,,Yes,,,No,,,更新するレイアウトがありません,
"ヤマハ純正","Japan 日本車/純正部品・用品",1,Yes,,,,,,,Yes,,,No,,,更新するレイアウトがありません,
"スズキ純正","Japan 日本車/純正部品・用品",1,Yes,,,,,,,Yes,,,No,,,更新するレイアウトがありません,
"カワサキ純正","Japan 日本車/純正部品・用品",1,Yes,,,,,,,Yes,,,No,,,更新するレイアウトがありません,
"国内メーカー部品・用品","Japan 日本車",1,Yes,,,,,,,Yes,,,No,,,更新するレイアウトがありません,
"デイトナ","Japan 日本車/国内メーカー部品・用品",1,Yes,,,,,,,Yes,,,No,,,更新するレイアウトがありません,
"キタコ","Japan 日本車/国内メーカー部品・用品",1,Yes,,,,,,,Yes,,,No,,,更新するレイアウトがありません,
"キジマ","Japan 日本車/国内メーカー部品・用品",1,Yes,,,,,,,Yes,,,No,,,更新するレイアウトがありません,
"SP武川","Japan 日本車/国内メーカー部品・用品",1,Yes,,,,,,,Yes,,,No,,,更新するレイアウトがありません,
"Ｇクラフト","Japan 日本車/国内メーカー部品・用品",1,Yes,,,,,,,Yes,,,No,,,更新するレイアウトがありません,
"シフトアップ","Japan 日本車/国内メーカー部品・用品",1,Yes,,,,,,,Yes,,,No,,,更新するレイアウトがありません,
"ポッシュ(POSH)","Japan 日本車/国内メーカー部品・用品",1,Yes,,,,,,,Yes,,,No,,,更新するレイアウトがありません,
"タナックス(TANAX)","Japan 日本車/国内メーカー部品・用品",1,Yes,,,,,,,Yes,,,No,,,更新するレイアウトがありません,
"ハリケーン","Japan 日本車/国内メーカー部品・用品",1,Yes,,,,,,,Yes,,,No,,,更新するレイアウトがありません,
"DID(大同工業)","Japan 日本車/国内メーカー部品・用品",1,Yes,,,,,,,Yes,,,No,,,更新するレイアウトがありません,
"RK エキセル","Japan 日本車/国内メーカー部品・用品",1,Yes,,,,,,,Yes,,,No,,,更新するレイアウトがありません,
"旭風防/旭精器製作所","Japan 日本車/国内メーカー部品・用品",1,Yes,,,,,,,Yes,,,No,,,更新するレイアウトがありません,
"M&H マツシマ (電球等)","Japan 日本車/国内メーカー部品・用品",1,Yes,,,,,,,Yes,,,No,,,更新するレイアウトがありません,
"国内メーカーマフラー","Japan 日本車",1,Yes,,,,,,,Yes,,,No,,,更新するレイアウトがありません,
"ヨシムラ","Japan 日本車/国内メーカーマフラー",1,Yes,,,,,,,Yes,,,No,,,更新するレイアウトがありません,
"モリワキ","Japan 日本車/国内メーカーマフラー",1,Yes,,,,,,,Yes,,,No,,,更新するレイアウトがありません,
"ビート(BEET)","Japan 日本車/国内メーカーマフラー",1,Yes,,,,,,,Yes,,,No,,,更新するレイアウトがありません,
"アールズギア(rs gear)","Japan 日本車/国内メーカーマフラー",1,Yes,,,,,,,Yes,,,No,,,更新するレイアウトがありません,
"その他メーカー","Japan 日本車/国内メーカーマフラー",1,Yes,,,,,,,Yes,,,No,,,更新するレイアウトがありません,
"海外メーカー","Japan 日本車",1,Yes,,,,,,,Yes,,,No,,,更新するレイアウトがありません,
"クリアキン","Japan 日本車/海外メーカー",1,Yes,,,,,,,Yes,,,No,,,更新するレイアウトがありません,
"アレンネス","Japan 日本車/海外メーカー",1,Yes,,,,,,,Yes,,,No,,,更新するレイアウトがありません,
"ジョーカーマシン","Japan 日本車/海外メーカー",1,Yes,,,,,,,Yes,,,No,,,更新するレイアウトがありません,
"ショークローム","Japan 日本車/海外メーカー",1,Yes,,,,,,,Yes,,,No,,,更新するレイアウトがありません,
"マスタング(Mustang)","Japan 日本車/海外メーカー",1,Yes,,,,,,,Yes,,,No,,,更新するレイアウトがありません,
"アチェルビス(ACERBIS)","Japan 日本車/海外メーカー",1,Yes,,,,,,,Yes,,,No,,,更新するレイアウトがありません,
"ACEWELL(メーター)","Japan 日本車/海外メーカー",1,Yes,,,,,,,Yes,,,No,,,更新するレイアウトがありません,
"ムースレーシング","Japan 日本車/海外メーカー",1,Yes,,,,,,,Yes,,,No,,,更新するレイアウトがありません,
"エムエスアール(MSR)","Japan 日本車/海外メーカー",1,Yes,,,,,,,Yes,,,No,,,更新するレイアウトがありません,
"海外マフラー","Japan 日本車",1,Yes,,,,,,,Yes,,,No,,,更新するレイアウトがありません,
"US ヨシムラ","Japan 日本車/海外マフラー",1,Yes,,,,,,,Yes,,,No,,,更新するレイアウトがありません,
"アクラポビッチ","Japan 日本車/海外マフラー",1,Yes,,,,,,,Yes,,,No,,,更新するレイアウトがありません,
"コブラ(Cobra)","Japan 日本車/海外マフラー",1,Yes,,,,,,,Yes,,,No,,,更新するレイアウトがありません,
"バンス＆ハインズ","Japan 日本車/海外マフラー",1,Yes,,,,,,,Yes,,,No,,,更新するレイアウトがありません,
"エフエムエフ(FMF)","Japan 日本車/海外マフラー",1,Yes,,,,,,,Yes,,,No,,,更新するレイアウトがありません,
"プロサーキット","Japan 日本車/海外マフラー",1,Yes,,,,,,,Yes,,,No,,,更新するレイアウトがありません,
"スーパートラップ","Japan 日本車/海外マフラー",1,Yes,,,,,,,Yes,,,No,,,更新するレイアウトがありません,
"カーカー(KERKER)","Japan 日本車/海外マフラー",1,Yes,,,,,,,Yes,,,No,,,更新するレイアウトがありません,
"その他メーカー","Japan 日本車/海外マフラー",1,Yes,,,,,,,Yes,,,No,,,更新するレイアウトがありません,
"ヘルメット・アパレル","Japan 日本車",1,Yes,,,,,,,Yes,,,No,,,更新するレイアウトがありません,
"【ヘルメット】メーカー別","Japan 日本車/ヘルメット・アパレル",1,Yes,,,,,,,Yes,,,No,,,更新するレイアウトがありません,
"【アパレル】メーカー別","Japan 日本車/ヘルメット・アパレル",1,Yes,,,,,,,Yes,,,No,,,更新するレイアウトがありません,
"オイル・ケミカル・消耗品","Japan 日本車",1,Yes,,,,,,,Yes,,,No,,,更新するレイアウトがありません,
"オイル・オイルフィルター","Japan 日本車/オイル・ケミカル・消耗品",1,Yes,,,,,,,Yes,,,No,,,更新するレイアウトがありません,
"ケミカル用品","Japan 日本車/オイル・ケミカル・消耗品",1,Yes,,,,,,,Yes,,,No,,,更新するレイアウトがありません,
"エアフィルター","Japan 日本車/オイル・ケミカル・消耗品",1,Yes,,,,,,,Yes,,,No,,,更新するレイアウトがありません,
"プラグ","Japan 日本車/オイル・ケミカル・消耗品",1,Yes,,,,,,,Yes,,,No,,,更新するレイアウトがありません,
"タイヤ","Japan 日本車/オイル・ケミカル・消耗品",1,Yes,,,,,,,Yes,,,No,,,更新するレイアウトがありません,
"工具・ジャッキ・充電器","Japan 日本車",1,Yes,,,,,,,Yes,,,No,,,更新するレイアウトがありません,
"工具","Japan 日本車/工具・ジャッキ・充電器",1,Yes,,,,,,,Yes,,,No,,,更新するレイアウトがありません,
"ジャッキ・メンテナンススタンド","Japan 日本車/工具・ジャッキ・充電器",1,Yes,,,,,,,Yes,,,No,,,更新するレイアウトがありません,
"スナップオン(Snap-on)","Japan 日本車/工具・ジャッキ・充電器",1,Yes,,,,,,,Yes,,,No,,,更新するレイアウトがありません,
"モーションプロ(Motion Pro)","Japan 日本車/工具・ジャッキ・充電器",1,Yes,,,,,,,Yes,,,No,,,更新するレイアウトがありません,
"ジムズ(JIMS)","Japan 日本車/工具・ジャッキ・充電器",1,Yes,,,,,,,Yes,,,No,,,更新するレイアウトがありません,
"エーモン","Japan 日本車/工具・ジャッキ・充電器",1,Yes,,,,,,,Yes,,,No,,,更新するレイアウトがありません,
"バッテリー・充電器","Japan 日本車/工具・ジャッキ・充電器",1,Yes,,,,,,,Yes,,,No,,,更新するレイアウトがありません,
"メカニックス・ウェア","Japan 日本車/工具・ジャッキ・充電器",1,Yes,,,,,,,Yes,,,No,,,更新するレイアウトがありません,
"ロックストラップ","Japan 日本車/工具・ジャッキ・充電器",1,Yes,,,,,,,Yes,,,No,,,更新するレイアウトがありません,
"ホルダー・セキュリティ","Japan 日本車",1,Yes,,,,,,,Yes,,,No,,,更新するレイアウトがありません,
"スマートフォンホルダ-・ナビ","Japan 日本車/ホルダー・セキュリティ",1,Yes,,,,,,,Yes,,,No,,,更新するレイアウトがありません,
"セキュリティ・ロック","Japan 日本車/ホルダー・セキュリティ",1,Yes,,,,,,,Yes,,,No,,,更新するレイアウトがありません,
"その他","Japan 日本車",1,Yes,,,,,,,Yes,,,No,,,更新するレイアウトがありません,
"ツーリングマップル","Japan 日本車/その他",1,Yes,,,,,,,Yes,,,No,,,更新するレイアウトがありません,